#,ID,Full Name,Mobile Number,Email,Gender,Age,blood_group,willingness_to_donate,Action,
1,1,S.pavani,123456789,admin@gmail.com,Female,23,O+,1,donate_blood,Make it Hidden Delete
2,2,P.janu,123456789,JANU@gmail.com,female,21,B+,1,donate_blood,Make it Hidden Delete
3,3,Gayatri,1236547890,Gayatri@gmail.com,female,22,O-,1,donate_blood,Make it Hidden Delete
4,4,murali,9789797979,murali@gmail.com,Male,22,A+,1,donate_blood,Make it Hidden Delete
5,5,Gruha,1231231230,Gruha@gmail.com,female,23,AB+,1,donate_blood,Make it Hidden Delete
6,6,Sravan,1425362514,Sravan@gmail.com,Male,21,A-,1,donate_blood,Make it Hidden Delete
7,7,leo,21123912901,neo@gmail.com,female,23,AB-,1,donate_blood,Make it Hidden Delete
8,8,vikram rathod,143251618,vikram@gmail.com,male,22,B-,1,donate_blood,Make it Hidden Delete
9,9,rolex,21123912901,rolex@gmail.com,male,23,AB+,1,donate_blood,Make it Hidden Delete
10,10,puspha,143251618,pushpa@gmail.com,male,22,AB+,1,donate_blood,Make it Hidden Delete
11,14,Sravan Kumar Kattamuri,1234567890,sravankattamuri@gmail.com,Male,21,O+,1,donate_blood,Make it Hidden Delete
12,15,Test,12345678,adf@gmail.com,Male,45,AB+,1,donate_blood,Make it Hidden Delete
13,16,virat kholi,18,virat@gmail.com,Male,36,O-,1,referral,Make it Hidden Delete
14,17,kl rahul,1,kl@gmail.com,Male,30,B-,1,emergency,Make it Hidden Delete
15,18,bumrah,99,boom@gmail.com,Male,38,A-,1,donate_blood,Make it Hidden Delete
16,19,jadeja,8,jadu@gmail.com,Male,32,A+,0,referral,Make it Hidden Delete
